{"$schema":"http://schema.management.azure.com/schemas/2015-01-01/deploymentTemplate.json#","contentVersion":"1.0.0.0","parameters":{"azureopenai24databaseserverdemo.database.windows.net;azureopenaidemo alpabuddhab":{"type":"string"},"AZUREOPENAI24DEMO_GPT40_MINI":{"type":"string"}},"variables":{},"resources":[{"name":"PL_Order","type":"pipelines","apiVersion":"2018-06-01","properties":{"activities":[{"name":"Orderdata","type":"Lookup","dependsOn":[],"policy":{"timeout":"0.12:00:00","retry":0,"retryIntervalInSeconds":30,"secureOutput":false,"secureInput":false},"typeProperties":{"source":{"type":"AzureSqlSource","sqlReaderQuery":{"value":"SELECT \n    OrderID,\n    Customers.CustomerName, \n    Customers.EmailID, \n    Customers.PhoneNumber, \n    Customers.Address, \n    Orders.Product, \n    Orders.OrderDate, \n    DATEDIFF(day, OrderDate, GETDATE()) AS DaysPending,\n    Orders.Status\nFROM Orders\nJOIN Customers ON Orders.CustomerID = Customers.CustomerID\nWHERE Orders.Status = 'Pending';\n","type":"Expression"},"queryTimeout":"02:00:00","partitionOption":"None"},"firstRowOnly":false,"datasetSettings":{"annotations":[],"type":"AzureSqlTable","schema":[],"typeProperties":{"database":"azureopenaidemo"},"externalReferences":{"connection":"[parameters('azureopenai24databaseserverdemo.database.windows.net;azureopenaidemo alpabuddhab')]"}}}},{"name":"ForEach","type":"ForEach","dependsOn":[{"activity":"Orderdata","dependencyConditions":["Succeeded"]}],"typeProperties":{"items":{"value":"@activity('Orderdata').output.value","type":"Expression"},"isSequential":true,"activities":[{"name":"API_CALL","type":"WebActivity","dependsOn":[],"policy":{"timeout":"0.12:00:00","retry":0,"retryIntervalInSeconds":30,"secureOutput":false,"secureInput":false},"typeProperties":{"method":"POST","headers":{"Content-Type":"application/json","api-key":"7c15f7bb4139435bbefa4b8e155a1622"},"body":{"value":"{\n  \"messages\": [\n    {\n      \"role\": \"system\",\n      \"content\": \"You are an AI assistant for ABC company that h write professional, polite email messages about our cusomer's order status behalf of ABC Company.Your name is Rob.\"\n    },\n    {\n      \"role\": \"user\",\n      \"content\": \"Please write a polite and professional email regarding an order update. Format it properly for use in an email.Please Use HTML formatting for a clear structure. Example: Dear @{item().customerName}, your order for @{item().Product} placed on @{item().orderdate} is currently @{item().status}. We estimate it will be delivered on @{item().DaysPending}. Apologize for the delay and end with a professional sign-off.\"\n    }\n  ],\n  \"temperature\": 0.3,\n  \"max_tokens\": 600\n}\n","type":"Expression"}},"externalReferences":{"connection":"[parameters('AZUREOPENAI24DEMO_GPT40_MINI')]"}},{"name":"Office 365 Outlook","type":"Office365Outlook","dependsOn":[{"activity":"API_CALL","dependencyConditions":["Succeeded"]}],"typeProperties":{"inputs":{"method":"post","path":"/v2/Mail","body":{"To":"@item().EmailID","Subject":"@concat(item().Product, '-', item().OrderID, 'Order update')","Body":"<p>@{activity('API_CALL').output.choices[0].message.content}</p>","Sensitivity":"","Importance":"Normal"}}}}]}}],"variables":{"EmailMessage":{"type":"String"}},"lastModifiedByObjectId":"ea938ac5-c55b-4d1c-9fcb-9574e2953161","lastPublishTime":"2024-09-22T11:43:38Z","logicAppsConnectionPayload":{"id":"/subscriptions/600da5d8-a4a7-4ab2-97c1-82d717f0f74f/resourceGroups/connections-9d8b2414-f010-440c-9ee4-b3485584f37a/providers/Microsoft.Web/connections/1_ac612866-94ec-4ef4-9e13-436df212d0b8_ea938ac5-c55b-4d1c-9fcb-9574e2953161","properties":{"api":{"name":"office365","id":"/subscriptions/600da5d8-a4a7-4ab2-97c1-82d717f0f74f/providers/Microsoft.Web/locations/uksouth/managedApis/office365"}}},"extraTridentInfo":"{\"folderObjectId\":\"9d8b2414-f010-440c-9ee4-b3485584f37a\",\"capacityObjectId\":\"408AFB96-F9A3-472B-8E46-D809153CA086\",\"artifactType\":\"Pipeline\",\"provisionState\":\"Active\",\"lastUpdatedDate\":\"2024-09-22T11:43:38.912Z\",\"createdDate\":\"2024-09-21T12:26:46.429Z\",\"ownerUser\":{\"id\":634163,\"name\":\"alpa buddhabhatti\",\"objectId\":\"ea938ac5-c55b-4d1c-9fcb-9574e2953161\",\"userPrincipalName\":\"alpabuddhabhatti@WSP600.onmicrosoft.com\",\"aadAppId\":null,\"type\":null},\"ownerUserId\":634163,\"createdByUser\":{\"id\":634163,\"name\":\"alpa buddhabhatti\",\"objectId\":\"ea938ac5-c55b-4d1c-9fcb-9574e2953161\",\"userPrincipalName\":\"alpabuddhabhatti@WSP600.onmicrosoft.com\",\"aadAppId\":null,\"type\":null},\"createdByUserId\":634163,\"modifiedByUser\":{\"id\":634163,\"name\":\"alpa buddhabhatti\",\"objectId\":\"ea938ac5-c55b-4d1c-9fcb-9574e2953161\",\"userPrincipalName\":\"alpabuddhabhatti@WSP600.onmicrosoft.com\",\"aadAppId\":null,\"type\":null},\"modifiedByUserId\":634163,\"permissions\":71,\"artifactPermissions\":7,\"systemArtifactType\":\"None\",\"etag\":\"\\\"3079141f00824358abf6da78c419cf47\\\"\"}"},"dependsOn":[]}]}